ip,anonymityLevel,asn,country,isp,latency,org,port,protocols,responseTime,speed,updated_at,upTime,upTimeSuccessCount,upTimeTryCount
"103.81.117.122","elite","AS135851","IN","Excogitate Technologies Pvt. Ltd","194","Excogitate Technologies Pvt Ltd","4153","socks4","2035","1","2023-07-30T17:39:55.336Z","97","3083","3165"
"45.7.177.179","elite","AS266626","BR","Litoral Telecom","200","Litoral Telecom","39867","socks4","4995","1","2023-07-30T17:39:55.250Z","97","3054","3138"
"45.115.115.145","elite","AS55828","BD","Drik ICT Ltd","188","Drik ICT Ltd","31141","socks4","4896","1","2023-07-30T17:39:52.046Z","96","3011","3148"
"38.127.172.161","elite","AS174","US","Cogent Communications","99","Torlandia Trading SRL","46656","socks4","4585","2","2023-07-30T17:39:52.141Z","100","3066","3070"
"177.200.2.96","elite","AS52775","BR","TecleNet Solucoes Tecnologicas","261","TecleNet Solucoes Tecnologicas","5678","socks4","4994","1","2023-07-30T17:39:52.046Z","99","2982","3026"
"103.47.93.194","elite","AS134058","IN","Broban Internet Services Pvt.ltd","181","Broban  PVT Ltd.","1080","socks4","4899","1","2023-07-30T17:39:52.043Z","99","3106","3129"
"175.201.245.187","elite","AS4766","KR","Korea Telecom","288","Kornet","808","socks4","3605","84","2023-07-30T17:39:52.039Z","100","3143","3145"
"157.230.225.87","elite","AS14061","US","DigitalOcean, LLC","99","DigitalOcean, LLC","42412","socks4","5196","1","2023-07-30T17:39:52.040Z","99","3126","3158"
"221.143.248.55","elite","AS9318","KR","SK Broadband Co Ltd","243","SK Broadband Co Ltd","3128","socks5","4295","1","2023-07-30T17:39:52.045Z","100","3127","3132"
"167.114.195.82","elite","AS16276","CA","OVH SAS","90","OVH Hosting, Inc","3128","socks5","4897","1","2023-07-30T17:39:52.142Z","100","3141","3141"
"105.234.156.109","elite","AS37440","MW","Airtel Malawi","223","N/A","4145","socks4","1600","1","2023-07-30T17:39:52.044Z","79","2451","3118"
"45.77.210.72","elite","AS20473","US","The Constant Company","200","Vultr Holdings, LLC","11874","socks5","4795","1","2023-07-30T17:39:48.649Z","40","1217","3053"
"41.60.232.61","elite","AS30844","KE","Maintainer Liquid Telecommunications Operations Limited","165","Liquid Telecommunications Operations Limited","5678","socks4","1674","1","2023-07-30T17:39:48.650Z","83","2552","3091"
"202.162.197.155","elite","AS23679","ID","Media Antar Nusa PT.","229","Nusanet","5678","socks4","4599","1","2023-07-30T17:39:48.733Z","99","3015","3056"
"185.205.249.24","elite","AS57389","HU","ZNET Telekom Zrt","36","Znettelekom","45264","socks4","4395","1","2023-07-30T17:39:48.734Z","100","3092","3093"
"38.127.173.212","elite","AS174","US","Cogent Communications","79","Torlandia Trading SRL","46656","socks4","5196","1","2023-07-30T17:39:45.434Z","100","3079","3082"
"45.233.3.1","elite","AS267303","BR","Centro Oeste Provedor","228","Centro Oeste Provedor","4153","socks4","1408","1","2023-07-30T17:39:45.339Z","99","3091","3129"
"119.15.90.78","elite","AS24492","KH","WiCAM Corporation Ltd","192","WiCAM Corporation, LTD","5678","socks4","1592","1","2023-07-30T17:39:45.335Z","74","2272","3055"
"159.223.117.140","elite","AS14061","US","DigitalOcean, LLC","86","DigitalOcean, LLC","24006","socks5","3899","1","2023-07-30T17:39:45.254Z","75","2334","3110"
"188.124.36.212","elite","AS49505","RU","OOO \"Network of data-centers \"Selectel\"","40","N/A","23525","socks4","3794","1","2023-07-30T17:39:45.435Z","100","3144","3146"
"177.200.82.190","elite","AS28368","BR","Sobralnet Servicos E Telecomunicacoes Ltda - ME","174","Sobralnet Servicos E Telecomunicacoes Ltda - ME","5678","socks4","1023","1","2023-07-30T17:39:45.338Z","98","3076","3138"
"88.151.187.133","elite","AS39578","RU","Ltd \"Maxima\"","42","Ltd Maxima","9123","socks4","1013","1","2023-07-30T17:39:42.134Z","100","3175","3175"
"222.165.226.221","elite","AS24207","ID","PT NettoCyber Indonesia","182","N/A","3629","socks4","4702","1","2023-07-30T17:39:42.145Z","98","3125","3174"
"14.102.20.53","elite","AS133647","IN","WORLDPHONE","181","N/A","5678","socks4","1892","1","2023-07-30T17:39:42.046Z","94","2967","3156"
"37.44.238.2","elite","AS34534","FR","HARMONYHOSTING","2","N/A","54140","socks5","4412","1","2023-07-30T17:39:42.147Z","99","3051","3086"
"45.7.210.200","elite","AS265729","AR","Cooperativa de Servicios Públicos de Porteña LTDA","265","Cooperativa de Servicios Públicos de Porteña LTDA","4153","socks4","2514","1","2023-07-30T17:39:42.135Z","99","3134","3159"
"44.190.9.65","elite","AS15102","CA","Corridor Communications, INC.","196","Amateur Radio Digital Communications","48100","socks4","1405","1","2023-07-30T17:39:42.043Z","99","3042","3058"
"188.138.139.216","elite","AS31252","MD","SC STARNET SRL","47","SC Starnet SRL","4145","socks4","1989","1","2023-07-30T17:39:42.050Z","100","3160","3169"
"45.70.237.143","elite","AS264668","EC","Nedetel S.A.","199","Nedetel S.A","4145","socks4","4592","81","2023-07-30T17:39:37.739Z","99","3117","3135"
"41.184.211.21","elite","AS29091","NG","ipNX Nigeria Limited","190","ipNX NIGERIA LIMITED","5678","socks4","4995","1","2023-07-30T17:39:37.742Z","82","2570","3130"
"186.251.255.1","elite","AS267513","BR","Seanet Telecom Carazinho Eireli","210","Seanet Telecom Carazinho Eireli","31337","socks4","4805","1","2023-07-30T17:39:37.744Z","100","3133","3147"
"202.40.188.201","elite","AS23991","BD","Ranks ITT","189","Ranks ITT Ltd.","4145","socks4","4706","1","2023-07-30T17:39:37.745Z","100","3137","3149"
"58.18.43.34","elite","AS4837","CN","CNC Group CHINA169 Neimeng Province Network","287","N/A","10800","socks4","5098","1","2023-07-30T17:39:37.736Z","82","2543","3114"
"177.8.170.122","elite","AS53231","BR","Grupohost Comunicacao Multimidia Ltda","292","Grupohost Comunicacao Multimidia Ltda","1080","socks4","4706","1","2023-07-30T17:39:34.344Z","95","3014","3158"
"95.182.78.4","elite","AS50648","UA","PE UAinet","99","PE UAinet","5678","socks4","5089","1","2023-07-30T17:39:34.349Z","99","3116","3140"
"173.236.184.128","elite","AS26347","US","New Dream Network, LLC","79","New Dream Network, LLC","10654","socks4","4618","1","2023-07-30T17:39:34.346Z","100","3032","3036"
"212.174.44.78","elite","AS9121","TR","Turk Telekomunikasyon Anonim Sirketi","85","Sonet Internet Erisim Hizmetleri","1080","socks4","2013","1","2023-07-30T17:39:31.333Z","10","327","3125"
"95.38.75.60","elite","AS41881","IR","Fanava Group","129","Fanava Group","4145","socks4","1692","1","2023-07-30T17:39:31.149Z","91","2815","3087"
"189.80.143.82","elite","AS7738","BR","V tal","205","Micromarques Ltda","3128","socks4","5088","1","2023-07-30T17:39:31.234Z","100","3118","3125"
"36.90.48.84","elite","AS7713","ID","PT. Telekomunikasi Indonesia","182","Telekomunikasi Indonesia","4153","socks4","2686","1","2023-07-30T17:39:31.148Z","84","2633","3142"
"38.127.179.16","elite","AS174","US","Cogent Communications","96","Torlandia Trading SRL","55994","socks5","4596","1","2023-07-30T17:39:31.250Z","100","3076","3079"
"212.5.143.42","elite","AS8866","BG","Vivacom Bulgaria EAD","96","BTC Broadband","3366","socks4","1600","1","2023-07-30T17:39:31.336Z","100","3027","3033"
"110.138.97.59","elite","AS7713","ID","PT. TELKOM INDONESIA","196","N/A","8080","socks4","4498","1","2023-07-30T17:39:27.851Z","95","2881","3044"
"177.38.5.16","elite","AS52964","BR","FÁBIO MENDES DIAS LTDA ME","284","FÁBIO MENDES DIAS LTDA ME","4153","socks4","5410","1","2023-07-30T17:39:27.737Z","87","2678","3079"
"197.250.15.58","elite","AS36908","TZ","Vodacom Tanzania Ltd","199","Vodacom Tanzania Ltd","3043","socks4","2080","1","2023-07-30T17:39:27.833Z","97","3040","3144"
"5.39.93.167","elite","AS16276","FR","OVH SAS","5","OVH ISP","22851","socks4","5301","1","2023-07-30T17:39:27.849Z","100","3149","3149"
"103.207.98.82","elite","AS134643","ID","JKSNET","292","N/A","41238","socks4","5101","1","2023-07-30T17:39:27.741Z","98","3075","3124"
"103.85.103.17","elite","AS135788","IN","Vedant Broadband","196","N/A","5678","socks4","5011","1","2023-07-30T17:39:27.740Z","99","3116","3147"
"170.254.255.227","elite","AS52584","BR","Connect Fibra","255","Connect Fibra","45816","socks4","4911","1","2023-07-30T17:39:27.835Z","99","3120","3167"
"195.175.87.14","elite","AS9121","TR","TTnetTurkTelekom","75","N/A","4153","socks4","4803","1","2023-07-30T17:39:24.146Z","97","3086","3167"
"103.60.187.129","elite","AS135729","IN","Digital Telco Network India Pvt. Ltd.","190","Digital Telco Network India Pvt. Ltd.","52195","socks4","4598","1","2023-07-30T17:39:24.141Z","99","3133","3159"
"114.104.141.138","elite","AS4134","CN","Chinanet","192","Chinanet AH","38801","socks4","5102","1","2023-07-30T17:39:24.139Z","9","267","3085"
"94.182.26.44","elite","AS31549","IR","Aria Shatel Company Ltd","205","Shtl NET DED","4153","socks4","2709","1","2023-07-30T17:39:24.140Z","96","3042","3167"
"212.174.171.22","elite","AS9121","CY","TurkTelecom","193","Cyprus Wireless Solution Ltd.","5678","socks4","4984","82","2023-07-30T17:39:24.336Z","10","306","3139"
"178.212.199.95","elite","AS39065","UA","Southern Telecommunication Company Ltd.","54","SOHONET","1099","socks4","3803","1","2023-07-30T17:39:24.233Z","89","2806","3152"
"180.250.190.147","elite","AS7713","ID","PT. Telekomunikasi Indonesia","200","N/A","1080","socks4","3704","1","2023-07-30T17:39:20.842Z","98","3077","3145"
"45.126.169.137","elite","AS134014","IN","NET 4 U SERVICES PVT LTD","213","NET 4 U Services PVT LTD","4145","socks4","4687","1","2023-07-30T17:39:20.836Z","99","3124","3149"
"43.153.52.178","elite","AS132203","US","Shenzhen Tencent Computer Systems Company Limited","190","Tencent Cloud Computing","443","socks5","5004","1","2023-07-30T17:39:20.839Z","46","1421","3097"
"114.132.243.168","elite","AS45090","CN","CNC Group CHINA169 Hebei Province network","218","Tencent cloud computing (Beijing) Co., Ltd.","7890","socks5","4408","1","2023-07-30T17:39:20.837Z","17","543","3112"
"172.67.250.212","elite","AS13335","US","Cloudflare, Inc.","2","Cloudflare, Inc.","80","socks4","4897","1","2023-07-30T17:39:20.844Z","100","3107","3107"
"79.143.190.221","elite","AS51167","DE","Contabo GmbH","99","Contabo GmbH","12580","socks5","4104","1","2023-07-30T17:39:20.944Z","100","3077","3077"
"197.234.13.78","elite","AS36902","SC","Intelvision","188","Intelvision Ltd","4145","socks4","4898","82","2023-07-30T17:39:20.846Z","100","3008","3020"
"14.248.94.123","elite","AS45899","VN","VNPT","289","Vietnam Posts and Telecommunications Group","5678","socks4","5100","1","2023-07-30T17:39:17.246Z","91","2850","3118"
"103.70.206.65","elite","AS135712","IN","Euron Communications Pvt. Ltd","195","Euron Communications Pvt. Ltd.","59311","socks4","2402","1","2023-07-30T17:39:17.238Z","99","3150","3166"
"36.95.53.185","elite","AS7713","ID","PT. Telekomunikasi Indonesia","183","Telekomunikasi Indonesia","5678","socks4","5087","1","2023-07-30T17:39:17.240Z","100","3057","3059"
"75.119.201.47","elite","AS26347","US","New Dream Network, LLC","199","New Dream Network, LLC","45035","socks4","4799","1","2023-07-30T17:39:13.650Z","100","3060","3061"
"1.10.133.77","elite","AS23969","TH","TOT Public Company Limited","158","Shared Dynamic IP Address for Residential Broadband Services","4145","socks4","5090","1","2023-07-30T17:39:13.649Z","49","1544","3122"
"27.123.223.210","elite","AS58369","ID","FIBERNET","162","N/A","4145","socks4","3499","1","2023-07-30T17:39:13.735Z","99","3118","3157"
"185.32.4.98","elite","AS60645","PL","AS Consulting Sp. z o. o.","41","Core Network Fiber","4153","socks4","4801","1","2023-07-30T17:39:13.749Z","100","3083","3095"
"103.120.49.99","elite","AS135406","AU","BCD NETWORKS PTY LTD","230","BCD NETWORKS PTY LTD","8080","socks4","4703","2","2023-07-30T17:39:13.734Z","99","3055","3073"
"115.209.108.70","elite","AS4134","CN","Chinanet","222","N/A","3000","socks5","5091","83","2023-07-30T17:39:13.737Z","10","319","3083"
"126.70.140.73","elite","AS17676","JP","Softbank BB Corp.","264","SOFTBANK Corp","80","socks4","5098","1","2023-07-30T17:39:10.239Z","100","3132","3136"
"195.62.52.164","elite","AS44812","RU","IP SERVER LLC","82","IP SERVER LLC","29520","socks4","4998","1","2023-07-30T17:39:10.235Z","90","2784","3090"
"216.107.129.72","elite","AS61317","US","Colocation America Corporation","95","Ipxo LLC","10180","socks5","4405","1","2023-07-30T17:39:10.336Z","100","3078","3078"
"37.152.171.39","elite","AS198569","IR","Rahanet Zanjan Co. (Private Joint-Stock)","199","Rahanet Zanjan Co.","4153","socks4","95","1","2023-07-30T17:39:10.237Z","45","1433","3168"
"84.38.189.241","elite","AS49505","RU","OOO \"Network of data-centers \"Selectel\"","88","N/A","30073","socks4","4703","1","2023-07-30T17:39:10.333Z","96","2940","3077"
"172.67.181.103","elite","AS13335","US","Cloudflare, Inc.","2","Cloudflare, Inc.","80","socks5","5197","82","2023-07-30T17:39:10.238Z","100","3045","3046"
"43.152.192.217","elite","AS132203","IN","Shenzhen Tencent Computer Systems Company Limited","195","Tencent Cloud Computing (Beijing) Co., Ltd","443","socks5","4307","1","2023-07-30T17:39:06.740Z","99","3054","3093"
"103.54.148.34","elite","AS134128","BD","Mega Speed","184","N/A","1080","socks4","4103","1","2023-07-30T17:39:06.738Z","99","3130","3152"
"165.225.8.100","elite","AS22616","US","ZSCALER, INC.","79","Zscaler, Inc","10605","socks4","4393","1","2023-07-30T17:39:06.836Z","97","3073","3155"
"154.79.242.178","elite","AS36926","KE","Airtel KE Mobile & Fixed Internet","168","N/A","10801","socks4","1706","1","2023-07-30T17:39:06.745Z","92","2918","3169"
"66.78.54.93","elite","AS21769","US","Colocation America Corporation","144","code200 UAB","20000","socks4","4605","1","2023-07-30T17:39:06.834Z","96","3020","3138"
"181.15.156.170","elite","AS7303","AR","Telecom Argentina S.A.","297","Telecom Argentina S.A","8080","socks5","4793","1","2023-07-30T17:39:06.743Z","98","3034","3109"
"91.193.237.180","elite","AS42916","RU","NKOORT","50","IT Ltd","3389","socks4","4589","1","2023-07-30T17:39:03.643Z","99","3069","3088"
"124.158.186.34","elite","AS55685","ID","PT Jala Lintas Media","183","N/A","5678","socks4","4296","1","2023-07-30T17:39:03.646Z","92","2925","3163"
"45.77.99.122","elite","AS20473","US","The Constant Company","87","Vultr Holdings, LLC","20473","socks4","4494","1","2023-07-30T17:39:03.642Z","82","2533","3086"
"49.51.95.195","elite","AS132203","CA","OPHL","93","Tencent cloud computing (Beijing) Co., Ltd.","443","socks5","4901","84","2023-07-30T17:39:03.741Z","87","2698","3094"
"189.138.115.211","elite","AS8151","MX","UNINET","189","Gestión de direccionamiento UniNet","80","socks4","4802","1","2023-07-30T17:39:03.648Z","92","2786","3043"
"202.53.172.75","elite","AS23923","BD","Agni Systems Ltd.","189","Agni 12","5678","socks4","4505","2","2023-07-30T17:39:03.649Z","31","974","3163"
"51.83.252.13","elite","AS16276","PL","OVH SAS","28","OVH Sp. z o. o","8888","socks4","4901","1","2023-07-30T17:39:03.743Z","100","3097","3097"
"117.26.40.156","elite","AS4134","CN","Chinanet","213","Chinanet FJ","2829","socks4","5085","1","2023-07-30T17:38:59.537Z","56","1739","3111"
"124.41.240.140","elite","AS17501","NP","WorldLink Communications","189","Wlink Static ENT KTM V1115","59964","socks5","1501","1","2023-07-30T17:38:59.446Z","100","3121","3123"
"169.239.236.101","elite","AS327986","NG","Gutti Global Networks","184","Gutti Global Networks","10801","socks4","1506","1","2023-07-30T17:38:59.534Z","98","3095","3144"
"94.103.82.167","elite","AS207651","NL","Hosting technology LTD","16","Vdsina","5159","socks4","5002","1","2023-07-30T17:38:59.638Z","88","2659","3018"
"31.210.52.133","elite","AS49334","TR","SH ONLINE ILETISIM ANONIM SIRKETI","82","SH ONLINE ILETISIM ANONIM SIRKETI","61443","socks5","725","1","2023-07-30T17:38:59.641Z","85","2686","3162"
"51.210.21.189","elite","AS16276","FR","OVH SAS","6","EL Zayat Hadi","1080","socks5","4402","1","2023-07-30T17:38:59.642Z","99","3139","3181"
"197.221.90.54","elite","AS37350","GH","Internet Solutions Ghana","104","Internet Solutions","56810","socks4","1813","1","2023-07-30T17:38:55.839Z","99","3103","3144"
"45.70.237.130","elite","AS264668","EC","Nedetel S.A.","190","Nedetel S.A","4145","socks4","4991","1","2023-07-30T17:38:55.751Z","99","3065","3083"
"91.205.129.154","elite","AS47895","RU","LTD \"Erline\"","91","R-Line Ltd","36931","socks4","5084","1","2023-07-30T17:38:55.941Z","98","3011","3076"
"217.115.213.187","elite","AS9050","RO","Orange Romania Communication S.A","51","Orange Romania Communications","4145","socks4","4593","1","2023-07-30T17:38:55.942Z","99","3002","3038"
"45.77.111.135","elite","AS20473","US","The Constant Company","86","Vultr Holdings, LLC","15082","socks5","4286","1","2023-07-30T17:38:55.945Z","100","3122","3122"
"119.28.74.177","elite","AS132203","HK","ComsenzNet","286","Tencent cloud computing (Beijing) Co., Ltd.","10004","socks5","5000","1","2023-07-30T17:38:55.841Z","100","3156","3165"
"159.89.138.130","elite","AS14061","US","DigitalOcean, LLC","148","Digital Ocean","80","socks4","5002","1","2023-07-30T17:38:55.838Z","100","3029","3030"
"94.130.184.102","elite","AS24940","DE","Hetzner Online GmbH","95","Hetzner","10015","socks5","4887","1","2023-07-30T17:38:55.946Z","93","2878","3080"
"170.254.255.225","elite","AS52584","BR","Connect Fibra","227","Connect Fibra","45816","socks4","4306","2","2023-07-30T17:38:55.842Z","98","3047","3094"
"104.20.75.69","elite","AS13335","US","Cloudflare, Inc.","88","Cloudflare, Inc","80","socks5","4986","1","2023-07-30T17:38:52.341Z","100","3064","3064"
"125.27.251.173","elite","AS23969","TH","TOT Public Company Limited","194","TOT Public Company Limited","33008","socks4","3292","1","2023-07-30T17:38:52.335Z","30","951","3176"
"138.201.140.125","elite","AS24940","DE","Hetzner Online GmbH","22","Hetzner","15976","socks5","4492","1","2023-07-30T17:38:52.345Z","100","3148","3148"
"104.24.15.158","elite","AS13335","US","Cloudflare, Inc.","2","Cloudflare, Inc","80","socks5","4801","1","2023-07-30T17:38:52.339Z","100","3133","3136"
"194.44.193.135","elite","AS3255","UA","State Enterprise Scientific and Telecommunication Centre \"Ukrainian Academic and Research Network\" of the Institute Condensed Matter Physics of the National Academy of Science of Ukraine (UARNet)","83","UARNET-LL","5678","socks4","5194","82","2023-07-30T17:38:52.439Z","98","3076","3143"
"159.223.118.43","elite","AS14061","US","DigitalOcean, LLC","97","DigitalOcean, LLC","8080","socks4","4814","1","2023-07-30T17:38:52.340Z","88","2784","3169"
"192.241.114.212","elite","AS55286","US","B2 Net Solutions Inc.","89","ServerMania Inc","2020","socks5","4788","1","2023-07-30T17:38:48.841Z","100","3104","3114"
"1.2.214.8","elite","AS23969","TH","TOT Public Company Limited","153","TOT Public Company Limited","4145","socks4","4496","1","2023-07-30T17:38:48.839Z","69","2184","3144"
"104.192.200.71","elite","AS11071","US","InfoWest","200","InfoWest","8899","socks4","4799","84","2023-07-30T17:38:48.836Z","100","3142","3151"
"103.70.159.133","elite","AS133720","IN","speednet","192","N/A","5678","socks4","4803","1","2023-07-30T17:38:48.838Z","99","3124","3155"
"107.189.10.139","elite","AS53667","LU","FranTech Solutions","15","BuyVM","10808","socks4","2291","1","2023-07-30T17:38:48.942Z","78","2417","3097"
"104.24.136.68","elite","AS13335","US","Cloudflare, Inc.","2","Cloudflare, Inc","80","socks5","4396","1","2023-07-30T17:38:45.649Z","100","3072","3072"
"176.115.14.32","elite","AS58350","PL","PHU Classcom Sp. z o.o.","42","PHU Classcom Sp. z o.o","5678","socks4","4404","1","2023-07-30T17:38:45.837Z","100","3136","3151"
"101.42.116.41","elite","AS45090","CN","Shenzhen Tencent Computer Systems Company Limited","191","Tencent Cloud Computing (Beijing) Co., Ltd","10809","socks4","5003","1","2023-07-30T17:38:45.741Z","77","2443","3164"
"116.58.227.73","elite","AS131090","TH","CAT-BB","202","N/A","4145","socks4","4910","2","2023-07-30T17:38:45.733Z","80","2529","3174"
"172.67.181.144","elite","AS13335","US","Cloudflare, Inc.","2","Cloudflare, Inc.","80","socks5","2270","82","2023-07-30T17:38:45.740Z","100","3119","3119"
"186.251.255.149","elite","AS267513","BR","Seanet Telecom Carazinho Eireli","216","Seanet Telecom Carazinho Eireli","31337","socks4","2606","1","2023-07-30T17:38:45.739Z","99","3069","3096"
"14.207.121.162","elite","AS45629","TH","Triple T Broadband Public Company Limited","168","Triple T Broadband Public Company Limited","8080","socks4","4401","1","2023-07-30T17:38:45.734Z","84","2569","3053"
"46.227.37.21","elite","AS51155","PL","Telemedian - TB Telecom","96","Telemedian","1088","socks4","4989","1","2023-07-30T17:38:45.835Z","100","3134","3143"
"45.7.177.228","elite","AS266626","BR","Litoral Telecom","201","Litoral Telecom","39867","socks4","3808","1","2023-07-30T17:38:42.450Z","98","3057","3133"
"43.240.113.89","elite","AS38794","TH","United Information Highway Co., Ltd.","183","United Information Highway Co., Ltd","47620","socks5","2576","1","2023-07-30T17:38:42.448Z","98","3096","3149"
"168.227.158.77","elite","AS52898","BR","Multipla Serviços Inteligentes","201","Multipla Serviços Inteligentes","4145","socks4","3992","1","2023-07-30T17:38:42.444Z","99","3081","3100"
"217.115.115.247","elite","AS30900","IE","Sternforth Ltd. trading as WebWorld","82","Webworld","56792","socks5","2316","1","2023-07-30T17:38:39.048Z","94","2937","3141"
"45.233.1.1","elite","AS267303","BR","Centro Oeste Provedor","228","Centro Oeste Provedor","4153","socks4","4493","1","2023-07-30T17:38:39.036Z","99","3152","3168"
"51.75.247.54","elite","AS16276","FR","OVH SAS","6","OVH","29237","socks5","4897","1","2023-07-30T17:38:39.049Z","99","3037","3075"
"146.56.150.146","elite","AS31898","KR","Oracle Corporation","287","Oracle Cloud Infrastructure (ap-seoul-1)","32241","socks5","3603","1","2023-07-30T17:38:38.950Z","96","2996","3137"
"177.12.177.69","elite","AS263033","BR","Linxbr Telecomunicacoes Ltda","193","Linkli Telecomunicacoes Ltda","4153","socks4","5001","84","2023-07-30T17:38:38.946Z","100","3130","3136"
"8.210.252.121","elite","AS45102","HK","Alibaba (US) Technology Co., Ltd.","295","Alibaba.com Singapore E-Commerce Private Limited","48091","socks5","4496","1","2023-07-30T17:38:38.945Z","91","2834","3120"
"103.58.16.57","elite","AS134202","MY","E-world Communication SDN BHD","179","E-world Communication SDN BHD","4145","socks4","4083","1","2023-07-30T17:38:38.947Z","100","3119","3127"
"110.77.184.118","elite","AS131090","TH","CAT-BB","171","N/A","4145","socks4","5098","1","2023-07-30T17:38:35.634Z","89","2697","3039"
"107.161.50.42","elite","AS395092","US","Shock Hosting LLC","191","Shock Hosting LLC","6401","socks4","4995","1","2023-07-30T17:38:35.637Z","100","3160","3164"
"176.98.95.105","elite","AS41096","UA","TOV TV&Radio Company 'TIM'","48","TOV TV&Radio Company 'TIM'","30759","socks4","4905","1","2023-07-30T17:38:35.733Z","95","3009","3161"
"187.155.218.135","elite","AS8151","MX","Uninet S.A. de C.V.","123","Uninet S.A. de C.V.","8081","socks5","5096","6","2023-07-30T17:38:35.633Z","92","2887","3148"
"168.253.196.6","elite","AS37276","ZA","VOffice Solutions","285","Smartvillage","5678","socks4","4995","1","2023-07-30T17:38:35.547Z","100","3104","3115"
"103.10.97.154","elite","AS18103","ID","Neuviz","195","N/A","4153","socks4","5104","1","2023-07-30T17:38:35.650Z","96","2949","3057"
"43.132.128.186","elite","AS132203","HK","Shenzhen Tencent Computer Systems Company Limited","245","Tencent Cloud Computing","24067","socks5","4395","1","2023-07-30T17:38:32.049Z","99","3034","3065"
"118.172.134.75","elite","AS23969","TH","TOT Public Company Limited","191","TOT Public Company Limited","4145","socks4","5013","1","2023-07-30T17:38:32.147Z","44","1378","3106"
"125.44.193.222","elite","AS4837","CN","CNC Group CHINA169 Henan Province Network","201","N/A","8118","socks4","5005","1","2023-07-30T17:38:32.044Z","66","2025","3090"
"103.47.93.254","elite","AS134058","IN","Broban Internet Services Pvt.ltd","146","Broban  PVT Ltd.","1080","socks4","2122","2","2023-07-30T17:38:32.048Z","99","3120","3145"
"116.199.172.1","elite","AS45661","IN","Capture Network Systems Pvt. Ltd.","137","Capture Network Systems Pvt. Ltd.","4145","socks4","5088","1","2023-07-30T17:38:32.051Z","99","3097","3122"
"203.30.189.85","elite","AS209242","US","Cloudflare London","15","Umpire Associates LTD","80","socks4","4589","1","2023-07-30T17:38:32.050Z","100","3137","3137"
"43.153.52.155","elite","AS132203","US","Shenzhen Tencent Computer Systems Company Limited","184","Tencent Cloud Computing","443","socks4","4781","1","2023-07-30T17:38:29.040Z","67","2077","3110"
"103.47.93.197","elite","AS134058","IN","Broban Internet Services Pvt.ltd","183","Broban  PVT Ltd.","1080","socks4","1726","1","2023-07-30T17:38:29.036Z","99","3085","3103"
"106.110.212.216","elite","AS4134","CN","Chinanet","215","Chinanet GD","4134","socks4","5002","1","2023-07-30T17:38:29.037Z","62","1923","3082"
"159.223.173.237","elite","AS14061","US","DigitalOcean, LLC","85","DigitalOcean, LLC","12057","socks5","4791","1","2023-07-30T17:38:28.951Z","83","2554","3080"
"36.37.153.54","elite","AS38623","KH","VIETTEL (CAMBODIA) PTE.","205","Viettel (cambodia) Pte, Ltd.","51080","socks4","4108","1","2023-07-30T17:38:28.949Z","97","3070","3166"
"192.99.245.228","elite","AS16276","CA","OVH SAS","95","OVH Hosting, Inc.","3128","socks4","4701","1","2023-07-30T17:38:28.954Z","86","2611","3047"
"157.245.141.42","elite","AS14061","US","DigitalOcean, LLC","86","DigitalOcean, LLC","44020","socks4","4794","81","2023-07-30T17:38:25.640Z","100","3042","3051"
"45.114.144.199","elite","AS55507","IN","Tejays Dynamic Limited","296","Tejays Dynamic Ltd","32434","socks4","3996","1","2023-07-30T17:38:25.637Z","58","1755","3036"
"171.35.220.96","elite","AS4837","CN","China Unicom Jiangxi Province Network","202","N/A","9999","socks4","4390","1","2023-07-30T17:38:25.635Z","27","854","3163"
"51.89.0.56","elite","AS16276","GB","OVH SAS","11","OVH","21234","socks4","4991","1","2023-07-30T17:38:25.734Z","100","3029","3030"
"46.227.36.1","elite","AS51155","PL","Telemedian - TB Telecom","86","Telemedian","1088","socks4","4899","1","2023-07-30T17:38:22.036Z","100","3027","3035"
"161.97.158.118","elite","AS51167","DE","Contabo GmbH","15","Contabo GmbH","11944","socks4","2189","1","2023-07-30T17:38:22.133Z","98","3035","3098"
"112.45.121.199","elite","AS139080","CN","China Mobile Communications Corporation","326","China Mobile Communications Corporation","8123","socks5","3300","1","2023-07-30T17:38:21.738Z","80","2527","3157"
"159.89.206.252","elite","AS14061","SG","DigitalOcean, LLC","204","DigitalOcean, LLC","44590","socks4","1138","1","2023-07-30T17:38:21.740Z","100","3052","3067"
"202.148.5.34","elite","AS9794","ID","PT. Core Mediatech","176","N/A","5678","socks4","4883","1","2023-07-30T17:38:21.737Z","98","3032","3086"
"70.90.67.139","elite","AS33661","US","Comcast Cable Communications, LLC","123","Comcast Cable Communications, LLC","54321","socks4","4804","1","2023-07-30T17:38:21.736Z","98","3103","3153"
"45.7.177.235","elite","AS266626","BR","Litoral Telecom","202","Litoral Telecom","39867","socks4","4684","1","2023-07-30T17:38:21.734Z","99","3102","3134"
"94.142.142.140","elite","AS209641","RU","I-servers LTD","101","I-servers LTD","3128","socks4","5097","1","2023-07-30T17:38:18.650Z","100","3115","3121"
"104.129.205.94","elite","AS22616","US","ZSCALER, INC.","94","Zscaler, Inc.","54321","socks5","4990","82","2023-07-30T17:38:18.551Z","94","2941","3139"
"5.181.93.127","elite","AS50825","CZ","broadband pppoe","28","N/A","4153","socks4","3806","1","2023-07-30T17:38:18.651Z","99","3109","3144"
"121.66.105.19","elite","AS3786","KR","LG DACOM Corporation","286","LG Uplus","51080","socks4","4699","1","2023-07-30T17:38:18.548Z","100","3053","3061"
"212.83.143.147","elite","AS12876","FR","Online S.A.S.","8","ONLINE","13286","socks5","1795","1","2023-07-30T17:38:18.546Z","100","3141","3146"
"45.7.177.176","elite","AS266626","BR","Litoral Telecom","201","Litoral Telecom","39867","socks4","4906","1","2023-07-30T17:38:18.549Z","97","3093","3173"
"49.49.74.204","elite","AS45629","TH","Triple T Broadband Public Company Limited","193","Triple T Broadband Public Company Limited","5678","socks4","5098","1","2023-07-30T17:38:15.251Z","98","3042","3095"
"43.239.75.193","elite","AS133443","BD","COL","199","N/A","4145","socks4","4309","1","2023-07-30T17:38:15.249Z","99","3057","3097"
"103.59.203.189","elite","AS134014","IN","NET 4 U SERVICES PVT LTD","197","NET 4 U Services PVT LTD","4145","socks4","708","1","2023-07-30T17:38:15.242Z","99","3134","3162"
"185.220.226.199","elite","AS205585","TR","Noyan Abr Arvan Co. ( Private Joint Stock)","99","Noyan Abr Arvan Co. ( Private Joint Stock)","808","socks4","2996","1","2023-07-30T17:38:15.242Z","85","2593","3058"
"194.87.58.16","elite","AS208685","NL","Serverius Holding B.V.","11","VictoryWillbeours","80","socks4","4699","1","2023-07-30T17:38:15.245Z","100","3115","3115"
"213.89.48.95","elite","AS1257","SE","CHELLO","53","Com Hem AB","1080","socks4","1963","3","2023-07-30T17:38:15.250Z","97","3035","3113"
"103.85.60.129","elite","AS131111","ID","MORATELINDONAP","163","N/A","3629","socks4","4913","1","2023-07-30T17:38:15.249Z","98","2960","3018"
"103.49.242.193","elite","AS133720","IN","Zess Networks Private Limited","187","Zess Networks Private Limited","5678","socks4","2108","82","2023-07-30T17:38:15.239Z","98","3048","3106"
"212.69.12.81","elite","AS52116","RS","Orion Telekom Tim d.o.o.Beograd","95","Orion Telekom Tim d.o.o.Beograd","1080","socks4","4613","1","2023-07-30T17:38:11.939Z","100","3136","3136"
"36.89.129.213","elite","AS7713","ID","PT. Telekomunikasi Indonesia","195","Telekomunikasi Indonesia","5678","socks4","4891","1","2023-07-30T17:38:11.848Z","66","2080","3152"
"197.234.13.46","elite","AS36902","SC","Intelvision","194","Intelvision Ltd","4145","socks4","4513","1","2023-07-30T17:38:11.933Z","100","3129","3139"
"202.51.122.163","elite","AS17995","ID","PT iForte Global Internet","193","N/A","4673","socks4","5096","1","2023-07-30T17:38:11.935Z","100","3153","3167"
"121.205.69.23","elite","AS4134","CN","Chinanet","245","Chinanet FJ","21212","socks5","2802","1","2023-07-30T17:38:11.846Z","49","1530","3152"
"88.20.124.158","elite","AS3352","ES","Telefonica de Espana SAU","92","RIMA (Red IP Multi Acceso)","4145","socks4","4713","1","2023-07-30T17:38:11.934Z","94","2906","3092"
"144.91.89.245","elite","AS51167","DE","Contabo GmbH","17","Contabo GmbH","1981","socks5","2421","1","2023-07-30T17:38:08.342Z","67","2105","3138"
"190.96.18.88","elite","AS14259","CL","Gtd Internet S.A.","297","Manquehuenet","5678","socks4","4111","1","2023-07-30T17:38:08.235Z","98","3106","3158"
"112.199.95.122","elite","AS9658","PH","Eastern Telecommunications Philippines","392","Eastern Telecommunications Philippines, Inc","8080","socks4","4504","2","2023-07-30T17:38:08.149Z","100","3126","3134"
"110.77.236.112","elite","AS131090","TH","CAT Telecom Public Company Limited","205","CAT BBviaOnnet","4153","socks4","5088","1","2023-07-30T17:38:08.237Z","83","2593","3106"
"146.88.203.171","elite","AS58424","KH","Xinwei (Cambodia) Telecom Co. Ltd","285","XINWEITELECOM","5678","socks4","4198","1","2023-07-30T17:38:05.039Z","87","2744","3137"
"159.65.243.101","elite","AS14061","US","DigitalOcean, LLC","79","Digital Ocean","54321","socks4","3112","1","2023-07-30T17:38:01.837Z","100","3047","3056"
"134.119.190.185","elite","AS29066","FR","Host Europe GmbH","88","Bogdan Gribov","14182","socks5","4909","1","2023-07-30T17:38:01.750Z","100","3102","3104"
"45.7.176.42","elite","AS266626","BR","Litoral Telecom","201","Litoral Telecom","39867","socks4","5011","1","2023-07-30T17:38:01.748Z","98","3016","3090"
"173.212.250.16","elite","AS51167","DE","Contabo GmbH","81","Contabo GmbH","37712","socks4","2906","1","2023-07-30T17:37:58.951Z","100","3047","3047"
"174.139.46.100","elite","AS4213","US","Krypt Technologies","145","Krypt Technologies","58841","socks4","4896","1","2023-07-30T17:37:58.936Z","74","2288","3095"
"45.6.229.227","elite","AS266233","BR","Newmaster Telecom","285","Newmaster Telecom","4145","socks4","4891","90","2023-07-30T17:37:58.847Z","100","3169","3176"
"180.158.150.12","elite","AS4812","CN","China Telecom (Group)","175","Chinanet SH","2080","socks4","2107","1","2023-07-30T17:37:58.937Z","61","1907","3143"
"190.145.132.250","elite","AS14080","CO","Telmex Colombia S.A.","148","Telmex Colombia S.A.","4145","socks4","4999","1","2023-07-30T17:37:58.934Z","99","3060","3091"
"37.221.192.104","elite","AS197540","DE","netcup GmbH","25","NETCUP-GMBH","7497","socks5","4899","81","2023-07-30T17:37:58.949Z","100","3060","3073"
"78.38.108.194","elite","AS58224","IR","Iran Telecommunication Company PJS","196","Abol Medical University","1080","socks5","2105","94","2023-07-30T17:37:58.850Z","76","2405","3146"
"103.82.20.182","elite","AS135905","VN","INETACADEMY","307","Inet academy joint stock company","55445","socks5","3515","1","2023-07-30T17:37:58.850Z","81","2535","3128"
"138.197.203.84","elite","AS14061","US","DigitalOcean, LLC","193","Digital Ocean","7497","socks5","5404","1","2023-07-30T17:37:55.444Z","100","3088","3091"
"76.120.215.137","elite","AS21508","US","Comcast Cable Communications, LLC","98","Comcast Cable Communications, Inc.","4252","socks5","4798","1","2023-07-30T17:37:55.447Z","100","3030","3033"
"5.190.229.170","elite","AS58224","IR","Iran Telecommunication Company PJS","212","N/A","8080","socks4","4496","1","2023-07-30T17:37:52.053Z","94","2875","3069"
"172.67.150.173","elite","AS13335","US","Cloudflare, Inc.","2","Cloudflare, Inc.","80","socks5","696","82","2023-07-30T17:37:52.047Z","100","3131","3131"
"109.70.206.42","elite","AS49979","IT","LA Wireless Srl","92","LAwireless","5678","socks4","5098","1","2023-07-30T17:37:52.040Z","99","3146","3171"
"200.97.76.186","elite","AS7738","BR","V tal","199","V tal","8080","socks5","4402","1","2023-07-30T17:37:52.052Z","97","2989","3084"
"36.255.104.17","elite","AS136238","MV","SatLink Pvt Ltd","191","N/A","1080","socks4","4206","1","2023-07-30T17:37:52.042Z","100","3129","3136"
"202.153.91.165","elite","AS24077","HK","Telekom Malaysia (Hong Kong) Ltd.","190","Telekom Malaysia (Hong Kong) Ltd","1080","socks4","4810","1","2023-07-30T17:37:52.039Z","99","3143","3170"
"194.233.69.126","elite","AS141995","SG","Contabo Asia Private Limited","200","Contabo Asia Private Limited","443","socks4","5003","1","2023-07-30T17:37:52.043Z","100","3130","3145"
"185.162.228.128","elite","AS209242","GB","Cloudflare London, LLC","87","Softconstruct Limited","80","socks4","2818","1","2023-07-30T17:37:52.051Z","100","3117","3119"
"41.60.233.192","elite","AS30844","KE","Maintainer Liquid Telecommunications Operations Limited","187","Liquid Telecommunications Operations Limited","8080","socks4","3299","1","2023-07-30T17:37:52.146Z","83","2573","3097"
"77.85.104.54","elite","AS8866","BG","BTC","44","BTC Plc","1080","socks4","3897","1","2023-07-30T17:37:52.148Z","100","3140","3148"
"173.177.85.227","elite","AS5769","CA","Videotron Telecom Ltee","101","Videotron Ltee","80","socks5","4907","1","2023-07-30T17:37:52.049Z","100","3062","3064"
"38.127.173.169","elite","AS174","US","Cogent Communications","87","Torlandia Trading SRL","42908","socks5","4995","1","2023-07-30T17:37:48.543Z","100","3091","3092"
"45.7.177.241","elite","AS266626","BR","Litoral Telecom","205","Litoral Telecom","39867","socks4","3795","1","2023-07-30T17:37:48.443Z","99","3095","3139"
"131.255.93.98","elite","AS264475","BR","Attus Tecnologia em Telecomunicações Ltda","284","Attus Tecnologia em Telecomunicações Ltda","5678","socks4","4806","2","2023-07-30T17:37:48.446Z","70","2113","3037"
"182.253.153.68","elite","AS17451","ID","BIZNET","188","N/A","5678","socks4","627","1","2023-07-30T17:37:48.443Z","92","2898","3145"
"45.226.0.2","elite","AS266987","BR","Web - Link Telecomunicações e Engenharia","229","Web - Link Telecomunicações e Engenharia","4153","socks4","5093","1","2023-07-30T17:37:48.440Z","99","3123","3141"
"124.105.187.68","elite","AS9299","PH","Philippine Long Distance Telephone Co.","199","Philippine Long Distance Telephone Company","13629","socks4","3000","1","2023-07-30T17:37:48.448Z","97","3066","3157"
"182.253.166.170","elite","AS17451","ID","BIZNET","198","N/A","5678","socks4","4815","1","2023-07-30T17:37:48.441Z","98","3083","3160"
"103.214.156.32","elite","AS135339","BD","Fuad Muhammad Shorfuddin","188","N/A","5678","socks4","4987","1","2023-07-30T17:37:48.541Z","83","2603","3125"
"194.58.104.111","elite","AS197695","RU","\"Domain names registrar REG.RU\", Ltd","48","Reg.Ru","7497","socks5","3903","1","2023-07-30T17:37:44.436Z","98","3092","3149"
"43.130.199.69","elite","AS132203","CA","Shenzhen Tencent Computer Systems Company Limited","93","Tencent Cloud Computing","443","socks5","4689","1","2023-07-30T17:37:44.048Z","80","2506","3119"
"177.36.185.182","elite","AS53062","BR","Ggnet Telecom Backbone","295","Ggnet Telecom Backbone","5678","socks4","5003","1","2023-07-30T17:37:44.138Z","99","3137","3172"
"201.159.103.97","elite","AS28539","MX","Creatividad Internet Enlaces, S.A. de C.V.","150","Creatividad Internet Enlaces, S.A. de C.V","31337","socks4","3699","1","2023-07-30T17:37:44.139Z","98","3053","3131"
"93.126.56.30","elite","AS44375","IR","Asmanfaraz Sepahan Company (P.J.S)","194","Asmanfaraz Sepahan Isdp","4153","socks4","5192","1","2023-07-30T17:37:44.047Z","99","3139","3171"
"104.19.5.247","elite","AS13335","US","Cloudflare, Inc.","2","Cloudflare, Inc","80","socks4","4916","1","2023-07-30T17:37:40.635Z","100","3125","3125"
"103.51.47.9","elite","AS133819","ID","CIM","294","N/A","4145","socks4","1999","1","2023-07-30T17:37:40.640Z","99","3138","3164"
"119.235.19.142","elite","AS24532","ID","PT Inet Global Indo","197","N/A","5678","socks4","5091","1","2023-07-30T17:37:40.645Z","99","3112","3130"
"27.191.60.153","elite","AS4134","CN","Chinanet","215","Chinanet HE","3256","socks4","5007","1","2023-07-30T17:37:40.642Z","76","2395","3162"
"104.129.205.123","elite","AS22616","US","ZSCALER, INC.","96","Zscaler, Inc.","10792","socks4","4999","1","2023-07-30T17:37:37.534Z","92","2796","3037"
"103.239.200.226","elite","AS17970","PH","Sky Cable Corporation","222","TRI PH","1337","socks4","4401","1","2023-07-30T17:37:37.541Z","98","3075","3137"
"103.251.221.49","elite","AS58972","IN","BHOMIKA","138","Bhomika","4145","socks4","4710","1","2023-07-30T17:37:37.539Z","100","3144","3152"
"51.38.177.96","elite","AS16276","FR","OVH SAS","7","OVH","7497","socks5","2288","1","2023-07-30T17:37:37.637Z","100","3054","3054"
"167.172.181.111","elite","AS14061","DE","DigitalOcean, LLC","23","DigitalOcean, LLC","80","socks5","2631","1","2023-07-30T17:37:37.538Z","100","3117","3117"
"138.201.248.43","elite","AS24940","DE","Hetzner Online GmbH","23","Hetzner","31043","socks5","5003","1","2023-07-30T17:37:37.535Z","94","2935","3115"
"118.174.152.156","elite","AS23969","TH","TOT Public Company Limited","186","TOT Public Company Limited","8080","socks4","3386","1","2023-07-30T17:37:37.543Z","59","1786","3041"
"186.190.168.62","elite","AS27953","AR","Nodosud S.A","286","Nodosud S.A","4145","socks4","4907","1","2023-07-30T17:37:37.449Z","99","3103","3133"
"165.22.58.191","elite","AS14061","SG","DigitalOcean, LLC","186","DigitalOcean, LLC","42311","socks5","5087","1","2023-07-30T17:37:37.542Z","92","2913","3178"
"102.66.237.54","elite","AS328471","ZA","HERO TELECOMS (PTY) LTD","188","Herotel","5678","socks4","2030","1","2023-07-30T17:37:34.333Z","58","1765","3055"
"129.226.44.28","elite","AS132203","IN","Tencent Cloud Computing (Beijing) Co","186","N/A","443","socks5","4891","1","2023-07-30T17:37:34.539Z","96","2988","3103"
"103.205.128.41","elite","AS134850","IN","WAY 2 INTERNET PRIVATE LIMITED","182","WAY 2 Internet Private Limited","4145","socks4","3407","81","2023-07-30T17:37:34.248Z","100","3142","3157"
"45.70.237.145","elite","AS264668","EC","Nedetel S.A.","185","Nedetel S.A","4145","socks4","2289","1","2023-07-30T17:37:34.247Z","99","3132","3150"
"103.12.246.105","elite","AS134941","IN","Instant Cable Network PVT LTD","195","Instant Cable Network PVT LTD","4145","socks4","4702","1","2023-07-30T17:37:34.249Z","99","3101","3124"
"176.74.118.133","elite","AS34797","GE","EGRISI","181","Systemnet LTD","5678","socks4","4698","1","2023-07-30T17:37:34.336Z","99","3079","3110"
"102.64.116.254","elite","AS328500","CG","A.M.C Telecom","158","A.M.C Telecom","32850","socks4","1400","2","2023-07-30T17:37:31.049Z","98","3109","3165"
"146.120.160.148","elite","AS60754","UA","Dianet Ltd.","99","Dianet Ltd","5678","socks4","4403","1","2023-07-30T17:37:31.034Z","97","3045","3144"
"43.248.191.83","elite","AS56046","CN","China Mobile Communications Corporation","292","Suqian Pugongying Network Service Co., Ltd","7890","socks4","4891","1","2023-07-30T17:37:31.035Z","77","2359","3074"
"103.47.93.218","elite","AS134058","IN","Broban Internet Services Pvt.ltd","195","Broban  PVT Ltd.","1080","socks4","4282","1","2023-07-30T17:37:30.947Z","99","3053","3076"
"114.99.14.240","elite","AS4134","CN","Chinanet","195","Chinanet AH","8004","socks4","4916","1","2023-07-30T17:37:30.951Z","59","1827","3103"
"114.95.154.27","elite","AS4812","CN","China Telecom (Group)","289","Chinanet SH","23456","socks5","5100","1","2023-07-30T17:37:30.945Z","50","1585","3146"
"117.214.152.204","elite","AS9829","IN","BSNL Internet","189","N/A","5678","socks4","4098","1","2023-07-30T17:37:27.749Z","17","534","3126"
"101.51.109.214","elite","AS23969","TH","TOT Public Company Limited","158","TOT Public Company Limited","4145","socks4","4610","1","2023-07-30T17:37:27.750Z","37","1149","3140"
"117.102.224.38","elite","AS23756","ID","PT Padi Internet","287","N/A","1080","socks4","4504","1","2023-07-30T17:37:27.746Z","100","3160","3166"
"20.205.109.189","elite","AS8075","HK","Microsoft Corporation","179","Microsoft Azure Cloud (eastasia)","3128","socks4","5488","1","2023-07-30T17:37:27.747Z","100","3049","3050"
"81.12.104.43","elite","AS42337","IR","Respina Networks & Beyond PJSC","103","Respina Networks","3629","socks4","5490","1","2023-07-30T17:37:24.350Z","99","3130","3160"
"103.87.201.135","elite","AS58369","ID","PT. Fiber Networks Indonesia","200","PT. GARANSINDO INTER GLOBAL","4145","socks4","4592","1","2023-07-30T17:37:24.437Z","97","3061","3157"
"95.110.224.144","elite","AS31034","IT","Aruba S.p.A. Network","100","Aruba S.p.A.","32655","socks4","4114","1","2023-07-30T17:37:24.435Z","2","69","3059"
"195.210.172.46","elite","AS8359","RU","MTS PJSC","82","InterneyshenelHouse","58350","socks4","5006","1","2023-07-30T17:37:24.450Z","96","2923","3039"
"43.153.64.134","elite","AS132203","US","Shenzhen Tencent Computer Systems Company Limited","193","Tencent Cloud Computing","443","socks4","5115","1","2023-07-30T17:37:24.440Z","73","2280","3114"
"104.19.138.4","elite","AS13335","US","Cloudflare, Inc.","2","Cloudflare, Inc","80","socks4","2998","82","2023-07-30T17:37:24.348Z","100","3086","3086"
"186.251.255.209","elite","AS267513","BR","Seanet Telecom Carazinho Eireli","292","Seanet Telecom Carazinho Eireli","31337","socks4","4694","1","2023-07-30T17:37:24.436Z","99","3136","3152"
"118.136.85.170","elite","AS23700","ID","Linknet-Fastnet ASN","187","FastNet384","5678","socks4","2206","1","2023-07-30T17:37:21.134Z","29","883","3059"
"38.127.173.249","elite","AS174","US","Cogent Communications","79","Torlandia Trading SRL","55994","socks5","2092","1","2023-07-30T17:37:21.237Z","100","3094","3095"
"103.47.216.19","elite","AS133692","IN","Fastnet Communication Pvt. Ltd","197","Fastnet Communication Pvt. Ltd.","4145","socks4","4690","1","2023-07-30T17:37:21.048Z","98","3099","3147"
"1.1.1.18","elite","AS13335","AU","Cloudflare, Inc","2","APNIC and Cloudflare DNS Resolver project","80","socks5","4699","1","2023-07-30T17:37:21.047Z","100","3171","3171"
"103.66.233.225","elite","AS134014","IN","NET 4 U SERVICES","190","N/A","4145","socks4","2757","1","2023-07-30T17:37:21.133Z","99","3112","3136"
"168.205.218.61","elite","AS264869","BR","SPEED MAX TELECOMUNICAÇÕES LTDA ME","240","SPEED MAX TELECOMUNICAÇÕES LTDA ME","4145","socks4","5000","1","2023-07-30T17:37:21.138Z","83","2540","3074"
"188.166.231.167","elite","AS14061","SG","DigitalOcean, LLC","191","Digitalocean","7497","socks5","4583","1","2023-07-30T17:37:21.236Z","100","3104","3106"
"186.251.255.177","elite","AS267513","BR","Seanet Telecom Carazinho Eireli","208","Seanet Telecom Carazinho Eireli","31337","socks4","4600","1","2023-07-30T17:37:17.747Z","99","3150","3167"
"65.21.131.87","elite","AS24940","FI","Hetzner Online GmbH","40","Hetzner","14141","socks4","4199","1","2023-07-30T17:37:17.750Z","100","3034","3036"
"218.2.112.243","elite","AS4134","CN","China Telecom","294","Nanjing Forest Police University","80","socks5","4999","1","2023-07-30T17:37:17.748Z","81","2497","3096"
"1.116.150.186","elite","AS45090","CN","China Internet Network Information Center","207","Tencent cloud computing (Beijing) Co., Ltd.","33333","socks5","4389","1","2023-07-30T17:37:14.534Z","80","2518","3134"
"178.253.212.118","elite","AS28964","RS","Orion Telekom users in Ugrinovci","49","N/A","1080","socks4","4994","1","2023-07-30T17:37:14.637Z","99","3115","3153"
"198.98.49.82","elite","AS53667","US","FranTech Solutions","73","FranTech Solutions","443","socks5","4995","1","2023-07-30T17:37:14.638Z","100","3030","3033"
"181.78.13.93","elite","AS52468","CO","IFX Networks Argentina S.R.L","135","UFINET COLOMBIA, S. A","5678","socks4","4411","1","2023-07-30T17:37:14.535Z","99","3118","3141"
"124.167.249.234","elite","AS4837","CN","CNC Group CHINA169 Shan1xi Province Network","283","N/A","4837","socks5","5007","1","2023-07-30T17:37:14.537Z","80","2514","3139"
"129.205.138.174","elite","AS37353","ZA","SEACOM WC","146","Seacom Western Cape (Pty) Ltd","4145","socks4","4789","82","2023-07-30T17:37:14.541Z","100","3109","3123"
"111.67.197.147","elite","AS4808","CN","China Unicom Beijing Province Network","267","Beijing yiantianxia Network Science&Technology Co Ltd.","6666","socks5","4500","1","2023-07-30T17:37:14.538Z","71","2228","3138"
"218.106.167.98","elite","AS4808","CN","China Unicom CncNet","298","Beijing Yuejing Corp","4145","socks4","3291","1","2023-07-30T17:37:11.337Z","82","2576","3151"
"203.30.190.172","elite","AS209242","US","Cloudflare London","18","Umpire Associates LTD","80","socks4","4297","1","2023-07-30T17:37:11.336Z","100","3149","3150"
"76.185.16.94","elite","AS11427","US","Charter Communications","119","Spectrum","54079","socks4","4897","1","2023-07-30T17:37:11.335Z","99","3054","3078"
"160.226.139.135","elite","AS328178","ZA","Vinet Internet Solutions","298","Vinet Internet Solutions","1080","socks4","4807","1","2023-07-30T17:37:11.340Z","66","2093","3149"
"192.169.197.146","elite","AS26496","US","GoDaddy.com, LLC","191","GoDaddy.com, LLC","55137","socks5","4995","1","2023-07-30T17:37:11.338Z","99","3017","3050"
"104.25.42.178","elite","AS13335","US","Cloudflare, Inc.","2","Cloudflare, Inc","80","socks4","1803","1","2023-07-30T17:37:11.334Z","100","3131","3131"
"168.227.158.73","elite","AS52898","BR","Multipla Serviços Inteligentes","201","Multipla Serviços Inteligentes","4145","socks4","4592","1","2023-07-30T17:37:07.051Z","99","3092","3113"
"45.7.177.251","elite","AS266626","BR","Litoral Telecom","205","Litoral Telecom","39867","socks4","4093","1","2023-07-30T17:37:07.047Z","99","3080","3114"
"149.20.253.47","elite","AS18615","US","Mainstream Fiber Networks, LLC","101","Mainstream Fiber Networks, LLC","12551","socks4","2604","1","2023-07-30T17:37:07.334Z","100","3173","3180"
"103.78.54.67","elite","AS135654","BD","Internet @ Home Limited","193","N/A","4153","socks4","1994","1","2023-07-30T17:37:07.054Z","91","2864","3131"
"172.65.165.93","elite","AS13335","US","Cloudflare, Inc.","89","Cloudflare, Inc.","30000","socks4","4996","1","2023-07-30T17:37:07.237Z","100","3103","3104"
"81.46.202.112","elite","AS16371","ES","acens Technologies","27","ACENS-TELEFONICA","8080","socks4","3494","1","2023-07-30T17:37:07.052Z","100","3087","3089"
"46.227.37.37","elite","AS51155","PL","Telemedian - TB Telecom","80","Telemedian","1088","socks4","5085","1","2023-07-30T17:37:07.336Z","99","3152","3169"
"45.227.92.213","elite","AS266653","AR","Andros-net Comunicaciones S.R.L.","298","Andros-net Comunicaciones S.R.L","8080","socks4","4203","1","2023-07-30T17:37:07.044Z","94","2981","3157"
"94.191.67.125","elite","AS45090","CN","Shenzhen Tencent Computer Systems Company Limited","230","Tencent Cloud Computing (Beijing) Co., Ltd","1080","socks4","2663","1","2023-07-30T17:37:03.536Z","80","2514","3136"
"111.91.231.65","elite","AS38571","IN","Star Broadband Services","191","SBS","4153","socks4","4605","1","2023-07-30T17:37:03.540Z","99","3037","3056"
"82.115.16.167","elite","AS212552","DE","BitCommand LLC","19","BitCommand LLC","3005","socks5","4707","1","2023-07-30T17:37:03.641Z","85","2692","3152"
"43.157.42.203","elite","AS132203","DE","Shenzhen Tencent Computer Systems Company Limited","11","Tencent Cloud Computing","443","socks4","5098","1","2023-07-30T17:37:03.642Z","15","469","3111"
"49.12.225.148","elite","AS24940","DE","Hetzner Online GmbH","84","Hetzner","10001","socks4","3789","1","2023-07-30T17:37:03.534Z","79","2404","3038"
"93.43.193.230","elite","AS12874","IT","Fastweb SpA","34","Fastweb Internet NGA","8080","socks4","2794","1","2023-07-30T17:37:03.541Z","72","2260","3143"
"185.170.233.102","elite","AS206912","CY","Superdach LTD","83","Infra","47574","socks4","2024","1","2023-07-30T17:37:00.037Z","100","3150","3153"
"37.221.146.138","elite","AS3255","UA","Radio Service Ltd.","43","Radio Service Ltd","1080","socks5","2729","1","2023-07-30T17:37:00.135Z","87","2694","3109"
"197.234.13.90","elite","AS36902","SC","Intelvision","196","Intelvision Ltd","4145","socks4","4685","1","2023-07-30T17:37:00.034Z","100","3112","3125"
"51.81.31.64","elite","AS16276","US","OVH SAS","81","OVH US LLC","30744","socks4","4699","1","2023-07-30T17:37:00.136Z","97","3029","3135"
"193.124.189.13","elite","AS209641","RU","I-servers LTD","105","I-servers LTD","80","socks4","3800","1","2023-07-30T17:37:00.040Z","99","3072","3090"
"202.44.228.36","elite","AS4618","TH","Internet Thailand Company Ltd.","187","Internet Thailand Company Limited","4153","socks4","1805","1","2023-07-30T17:37:00.134Z","57","1782","3107"
"188.166.217.4","elite","AS14061","SG","DigitalOcean, LLC","163","Digitalocean","20278","socks5","4698","1","2023-07-30T17:37:00.035Z","100","3029","3035"
"111.223.3.83","elite","AS133989","IN","SBR Telecom Pvt. Ltd","189","SBR Telecom Pvt. Ltd","4145","socks4","4208","1","2023-07-30T17:36:59.949Z","99","3108","3132"
"182.46.115.85","elite","AS4134","CN","Chinanet","184","Chinanet SD","9999","socks4","2007","1","2023-07-30T17:36:56.737Z","30","917","3075"
"162.12.217.30","elite","AS204902","FR","Weelax","143","XIWO","3629","socks4","4699","1","2023-07-30T17:36:56.736Z","99","3040","3084"
"213.6.33.110","elite","AS12975","PS","Palestine Telecommunications Company","93","Palestine Telecommunications Company","4145","socks4","3615","2","2023-07-30T17:36:53.541Z","99","3066","3110"
"31.206.38.40","elite","AS15924","TR","Vodafone NET Iletisim Hizmetleri Anonim Sirketi","69","Vfnet Data Support","37630","socks4","4604","1","2023-07-30T17:36:53.634Z","100","3125","3136"
"112.78.167.38","elite","AS17451","ID","Biznet Networks","196","Metronet","8089","socks4","5002","1","2023-07-30T17:36:53.434Z","97","3061","3158"
"20.247.104.85","elite","AS8075","HK","Microsoft Corporation","177","Microsoft Azure Cloud (eastasia)","49999","socks4","4001","82","2023-07-30T17:36:53.439Z","100","3105","3106"
"38.127.172.200","elite","AS174","US","Cogent Communications","79","Torlandia Trading SRL","11537","socks4","4610","1","2023-07-30T17:36:53.636Z","100","3092","3092"
"171.5.13.78","elite","AS45629","TH","Triple T Broadband Public Company Limited","192","Triple T Broadband Public Company Limited","4145","socks4","4507","1","2023-07-30T17:36:53.438Z","99","3026","3053"
"139.60.231.35","elite","AS62642","US","Bigleaf Networks","185","ITDreamwire, LLC","47255","socks4","5097","1","2023-07-30T17:36:53.436Z","98","3039","3088"
"119.148.103.1","elite","AS18109","BD","Nasrin Sultana","199","N/A","4153","socks4","5089","1","2023-07-30T17:36:53.437Z","99","3103","3145"
"177.66.195.114","elite","AS262503","BR","Wiki Telecomunicacoes Eireli","203","Maranhão Telecom ltda ME","4145","socks4","5008","1","2023-07-30T17:36:53.432Z","99","3117","3152"
"109.86.228.165","elite","AS13188","UA","Triolan","57","N/A","5678","socks4","1700","1","2023-07-30T17:36:53.346Z","97","2999","3087"
"116.212.142.231","elite","AS38235","KH","Angkor Data Communication","208","Mekongnet","33427","socks5","2324","1","2023-07-30T17:36:50.339Z","98","3084","3159"
"115.127.75.26","elite","AS24342","BD","BRACNet Limited","215","bracNet","7777","socks4","2122","1","2023-07-30T17:36:50.344Z","98","3091","3164"
"31.206.38.50","elite","AS15924","TR","Vodafone NET Iletisim Hizmetleri Anonim Sirketi","67","Vfnet Data Support","37630","socks4","4803","1","2023-07-30T17:36:50.441Z","100","3147","3156"
"174.108.154.1","elite","AS11426","US","Spectrum","107","Fastlink Communications","32940","socks4","2793","1","2023-07-30T17:36:50.334Z","100","3169","3171"
"58.236.162.216","elite","AS9318","KR","SK Broadband Co Ltd","299","broadNnet","1080","socks5","4699","1","2023-07-30T17:36:50.342Z","100","3122","3131"
"202.159.6.242","elite","AS9340","ID","PT IndoInternet","193","N/A","5678","socks4","4409","1","2023-07-30T17:36:50.340Z","100","3146","3153"
"158.69.197.113","elite","AS16276","CA","OVH SAS","84","OVH Hosting, Inc","7497","socks5","1804","1","2023-07-30T17:36:50.343Z","99","3070","3092"
"202.50.203.92","elite","AS55696","ID","PT Starcom Solusindo","208","N/A","48617","socks4","4894","1","2023-07-30T17:36:47.141Z","100","3137","3150"
"197.251.236.227","elite","AS29614","GH","Vodafone Ghana AS International Transit","132","ADSL FBB static IP","5678","socks4","4699","1","2023-07-30T17:36:47.148Z","99","3078","3101"
"45.226.1.1","elite","AS266987","BR","Web - Link Telecomunicações e Engenharia","228","Web - Link Telecomunicações e Engenharia","4153","socks4","1198","1","2023-07-30T17:36:47.144Z","99","3120","3140"
"212.108.205.6","elite","AS12301","HU","Invitech ICT Services Kft.","95","Invitech ICT Services Kft","5678","socks4","5095","1","2023-07-30T17:36:44.036Z","100","3054","3066"
"5.39.19.152","elite","AS16276","FR","OVH ISP","5","Caunes Sebastien","46529","socks5","4500","1","2023-07-30T17:36:44.035Z","100","3143","3144"
"203.189.89.106","elite","AS38765","ID","Departemen Energi dan Sumber Daya Mineral","175","N/A","80","socks4","4784","1","2023-07-30T17:36:43.942Z","93","2835","3035"
"70.185.95.177","elite","AS22773","US","Cox Communications Inc.","124","Cox Communications Inc.","39593","socks4","4900","1","2023-07-30T17:36:43.943Z","99","3039","3082"
"116.58.224.33","elite","AS131090","TH","CAT-BB","187","N/A","8080","socks5","1295","1","2023-07-30T17:36:43.935Z","81","2460","3037"
"45.196.151.97","elite","AS7018","US","AT&T Services","94","AQUA Networks Limited","5432","socks5","4997","1","2023-07-30T17:36:43.934Z","98","3027","3095"
"203.24.109.230","elite","AS209242","US","Cloudflare London","12","Umpire Associates LTD","80","socks4","4805","1","2023-07-30T17:36:43.936Z","100","3164","3164"
"5.9.151.189","elite","AS24940","DE","Hetzner Online GmbH","98","Hetzner","30000","socks4","4707","1","2023-07-30T17:36:40.634Z","72","2197","3052"
"178.212.54.161","elite","AS197025","PL","Lubuskie Sieci Swiatlowodowe Sp. z o. o.","97","Lubuskie Sieci Swiatlowodowe Sp. z o. o","1080","socks4","4899","1","2023-07-30T17:36:40.733Z","99","3098","3137"
"81.12.104.36","elite","AS42337","IR","Respina Networks & Beyond PJSC","106","Respina Networks","3629","socks4","2591","1","2023-07-30T17:36:40.637Z","99","3098","3135"
"168.138.174.23","elite","AS31898","SG","Oracle Corporation","382","Oracle Public Cloud","10001","socks4","4394","1","2023-07-30T17:36:40.637Z","59","1842","3107"
"173.82.168.200","elite","AS35916","US","Multacom Corporation","144","Multacom Corporation","17855","socks5","4610","1","2023-07-30T17:36:40.635Z","100","3032","3036"
"144.202.21.190","elite","AS20473","US","The Constant Company","96","Vultr Holdings, LLC","10884","socks4","3487","1","2023-07-30T17:36:37.245Z","66","2043","3089"
"181.5.212.246","elite","AS7303","AR","Telecom Argentina S.A.","287","Telecom Personal Bs","1080","socks4","2007","1","2023-07-30T17:36:37.335Z","33","1024","3059"
"65.108.232.45","elite","AS24940","FI","Hetzner Online GmbH","36","Hetzner Online GmbH","24940","socks4","4801","1","2023-07-30T17:36:37.349Z","100","3117","3117"
"102.176.180.6","elite","AS328271","KE","Syokinet Solutions Limited","193","Syokinet Solutions","4153","socks4","5098","1","2023-07-30T17:36:37.334Z","97","3063","3160"
"185.84.64.101","elite","AS40975","RO","CHML Web Services SRL","45","CHML Web Services SRL","45692","socks4","5100","1","2023-07-30T17:36:37.350Z","100","3113","3122"
"140.83.51.186","elite","AS31898","JP","Oracle Corporation","244","Oracle Cloud Infrastructure (ap-osaka-1)","1080","socks4","4892","1","2023-07-30T17:36:37.251Z","95","2997","3152"
"43.157.51.43","elite","AS132203","DE","Shenzhen Tencent Computer Systems Company Limited","79","Tencent Cloud Computing","443","socks4","489","1","2023-07-30T17:36:34.043Z","24","740","3113"
"104.20.205.191","elite","AS13335","US","Cloudflare, Inc.","2","Cloudflare, Inc.","80","socks4","4392","1","2023-07-30T17:36:33.945Z","100","3142","3143"
"121.101.131.91","elite","AS131706","ID","PT SELARAS CITRA TERABIT","294","Terabit","1080","socks4","2392","2","2023-07-30T17:36:33.936Z","98","3083","3141"
"95.38.95.55","elite","AS41881","IR","Fanava Group","93","Fanava Group","9050","socks5","4902","1","2023-07-30T17:36:33.937Z","59","1790","3050"
"123.118.230.220","elite","AS4808","CN","China Unicom Beijing Province Network","246","N/A","44844","socks5","1785","1","2023-07-30T17:36:33.938Z","73","2237","3068"
"118.174.46.146","elite","AS131293","TH","TOT Public Company Limited","197","TOT Public Company Limited","45764","socks4","1698","1","2023-07-30T17:36:33.939Z","97","3052","3135"
"75.119.203.166","elite","AS26347","US","New Dream Network, LLC","195","New Dream Network, LLC","32238","socks5","4889","84","2023-07-30T17:36:33.943Z","100","3143","3143"
"212.129.42.252","elite","AS12876","FR","Online S.A.S.","1","ONLINE","60111","socks5","4594","1","2023-07-30T17:36:30.339Z","100","3164","3164"
"85.99.122.164","elite","AS47331","TR","TurkTelecom","75","Turk Telekomunikasyon A.S","4153","socks4","4905","1","2023-07-30T17:36:30.336Z","100","3114","3117"
"94.26.108.67","elite","AS204281","BG","NetX","66","N/A","2580","socks4","5090","1","2023-07-30T17:36:29.946Z","86","2705","3139"
"45.8.104.169","elite","AS209242","DE","Cloudflare London","11","Araxio Development N.V","80","socks4","2695","1","2023-07-30T17:36:29.938Z","100","3110","3111"
"45.112.125.57","elite","AS58369","ID","FIBERNET","164","N/A","4145","socks4","4910","1","2023-07-30T17:36:29.940Z","99","3107","3138"
"140.250.146.239","elite","AS4134","CN","Chinanet","293","Chinanet SD","1080","socks5","1400","1","2023-07-30T17:36:29.941Z","74","2316","3151"
"43.153.175.132","elite","AS132203","JP","Shenzhen Tencent Computer Systems Company Limited","227","Tencent Cloud Computing","443","socks5","4984","86","2023-07-30T17:36:29.945Z","62","1950","3139"
"103.81.196.128","elite","AS55492","BD","Dhaka Fiber Net Ltd","188","Dhaka Fiber Net Ltd.","5678","socks4","708","2","2023-07-30T17:36:26.544Z","46","1418","3114"
"164.132.149.110","elite","AS16276","FR","OVH SAS","5","OVH","1088","socks4","4896","1","2023-07-30T17:36:26.644Z","59","1871","3148"
"216.80.120.100","elite","AS6079","US","RCN","104","RCN Corporation","3820","socks5","4100","1","2023-07-30T17:36:26.546Z","99","3086","3118"
"144.76.92.16","elite","AS24940","DE","Hetzner Online GmbH","22","Hetzner","14618","socks4","2571","1","2023-07-30T17:36:26.643Z","100","3144","3144"
"45.7.177.183","elite","AS266626","BR","Litoral Telecom","202","Litoral Telecom","39867","socks4","4599","1","2023-07-30T17:36:26.542Z","97","2994","3072"
"122.141.111.80","elite","AS4837","CN","CNC Group CHINA169 Jilin Province Network","290","N/A","38801","socks5","4787","1","2023-07-30T17:36:26.547Z","46","1377","3019"
"176.97.80.48","elite","AS198073","PL","Telewizja Kablowa Slupsk Sp. z o. o.","101","Telewizja Kablowa \"Slupsk\" Sp. z o.o.","5678","socks4","5095","1","2023-07-30T17:36:23.244Z","99","3059","3087"
"103.212.93.254","elite","AS138312","IN","Best Telnet Services Private Limited","185","Best telnet services private limited","45639","socks4","2074","1","2023-07-30T17:36:23.245Z","99","3116","3157"
"167.172.178.242","elite","AS14061","DE","DigitalOcean, LLC","90","DigitalOcean, LLC","7497","socks5","3693","1","2023-07-30T17:36:23.343Z","89","2735","3084"
"37.98.218.137","elite","AS8374","PL","Polkomtel S.A","69","Polkomtel Sp. z o.o","5678","socks4","4307","1","2023-07-30T17:36:23.341Z","81","2562","3153"
"185.171.54.26","elite","AS44285","IR","Shahrad","99","N/A","4153","socks4","3104","1","2023-07-30T17:36:23.239Z","94","2963","3158"
"218.1.200.97","elite","AS4812","CN","China Telecom","205","N/A","57114","socks5","4997","1","2023-07-30T17:36:23.242Z","42","1279","3029"
"91.247.92.63","elite","AS49389","UA","Privately owned enterprise Alexsandrov Yuriy Viktorovich","51","Privately owned enterprise Alexsandrov Yuriy Viktorovich","5678","socks4","4709","1","2023-07-30T17:36:19.649Z","96","2974","3112"
"136.243.88.67","elite","AS24940","DE","Hetzner Online GmbH","99","Hetzner","14004","socks5","4901","1","2023-07-30T17:36:19.641Z","100","3114","3114"
"192.12.113.230","elite","AS61942","BR","Turbonet Telecom Ltda","210","Turbonet Telecom Ltda","4145","socks4","2107","1","2023-07-30T17:36:19.640Z","79","2466","3129"
"14.232.161.29","elite","AS45899","VN","VNPT","273","Vietnam Posts and Telecommunications Group","10801","socks4","2772","82","2023-07-30T17:36:19.644Z","54","1706","3165"
"183.89.180.128","elite","AS45629","TH","Triple T Broadband Public Company Limited","182","Triple T Broadband Public Company Limited","8080","socks4","5015","1","2023-07-30T17:36:19.638Z","91","2771","3031"
"1.1.1.177","elite","AS13335","AU","Cloudflare, Inc","2","APNIC and Cloudflare DNS Resolver project","80","socks4","3698","1","2023-07-30T17:36:19.646Z","100","3055","3055"
"180.183.204.143","elite","AS45629","TH","Triple T Broadband Public Company Limited","199","Triple T Broadband Public Company Limited","8080","socks4","4809","1","2023-07-30T17:36:19.645Z","90","2818","3117"
"182.253.159.142","elite","AS17451","ID","BIZNET","165","N/A","1080","socks4","5294","1","2023-07-30T17:36:19.645Z","96","2960","3081"
"176.236.222.15","elite","AS34984","TR","Superonline Iletisim Hizmetleri A.S.","72","Guneydogu Telekom Internet Bilisim VE Iletisim HIZ TIC LTD","1080","socks4","3499","1","2023-07-30T17:36:19.836Z","99","3118","3158"
"188.166.239.48","elite","AS14061","SG","DigitalOcean, LLC","180","Digitalocean","3128","socks4","4812","1","2023-07-30T17:36:16.449Z","100","3121","3123"
"178.141.249.246","elite","AS8359","RU","MTS PJSC","71","MTS KRV ETH","8081","socks5","4801","1","2023-07-30T17:36:16.548Z","99","3032","3055"
"185.20.26.41","elite","AS60815","IQ","Data Net Company for Communications Limited","153","SCOPSKY Service","43051","socks4","4809","1","2023-07-30T17:36:16.536Z","93","2953","3164"
"102.141.91.245","elite","AS328638","ZA","Letaba Wireless Internet CC","207","N/A","5678","socks4","3700","1","2023-07-30T17:36:16.534Z","55","1685","3055"
"49.51.22.107","elite","AS132203","CA","OPHL","93","Tencent cloud computing (Beijing) Co., Ltd.","443","socks5","4601","1","2023-07-30T17:36:16.450Z","46","1430","3122"
"129.226.90.145","elite","AS132203","SG","Tencent Cloud Computing (Beijing) Co","335","Aceville Pte.ltd","443","socks5","2309","1","2023-07-30T17:36:16.447Z","82","2568","3141"
"172.67.253.69","elite","AS13335","US","Cloudflare, Inc.","2","Cloudflare, Inc.","80","socks4","4988","1","2023-07-30T17:36:16.445Z","100","3146","3147"
"125.228.77.228","elite","AS3462","TW","Chunghwa Telecom Co., Ltd.","261","Chunghwa Telecom Co. Ltd.","1081","socks4","4799","1","2023-07-30T17:36:13.150Z","99","3136","3168"
"43.128.51.21","elite","AS132203","HK","Aceville Pte.ltd","238","N/A","8765","socks5","3915","1","2023-07-30T17:36:13.144Z","100","3119","3130"
"37.186.125.202","elite","AS49800","AM","GNC-Alfa CJSC","96","GNC","5678","socks4","4808","1","2023-07-30T17:36:13.143Z","100","3094","3106"
"104.19.225.70","elite","AS13335","US","Cloudflare, Inc.","2","Cloudflare, Inc","80","socks5","4416","1","2023-07-30T17:36:13.235Z","100","3077","3079"
"103.79.96.201","elite","AS64308","ID","PT IndoDev Niaga Internet","197","PT IndoDev Niaga Internet","4153","socks4","4492","1","2023-07-30T17:36:13.233Z","100","3151","3155"
"130.185.213.146","elite","AS48917","BG","Optinet Ltd","80","Optinet Ltd","5678","socks4","4992","1","2023-07-30T17:36:13.147Z","99","3116","3143"
"188.166.15.142","elite","AS14061","NL","DigitalOcean, LLC","14","Digital Ocean","54126","socks4","4804","1","2023-07-30T17:36:13.246Z","100","3044","3044"
"177.73.248.26","elite","AS262558","BR","Prompt Brasil Solucoes EM TI Ltda","199","Prompt Brasil Solucoes EM TI Ltda","55290","socks4","4711","1","2023-07-30T17:36:09.937Z","53","1650","3085"
"168.228.51.197","elite","AS262145","CR","Cooperativa de Electrificación Rural de San Carlos R.L. (Coopelesca R.L.)","153","Cooperativa de Electrificación Rural de San Carlos R.L. (Coopelesca R.L.)","41037","socks4","2373","1","2023-07-30T17:36:09.933Z","100","3021","3029"
"5.11.17.230","elite","AS42705","IQ","talia.net","98","Talia Ltd","1080","socks5","5006","1","2023-07-30T17:36:09.939Z","95","3015","3161"
"181.66.37.134","elite","AS6147","PE","Telefonica del Peru S.A.A.","185","Telefonica del Peru S.A.A","4153","socks4","4795","1","2023-07-30T17:36:09.943Z","66","2018","3079"
"62.171.135.216","elite","AS51167","DE","Contabo GmbH","19","Contabo GmbH","50037","socks5","4993","1","2023-07-30T17:36:09.938Z","100","3035","3042"
"203.30.188.224","elite","AS209242","US","Cloudflare London","11","Umpire Associates LTD","80","socks4","4204","1","2023-07-30T17:36:09.942Z","100","3169","3170"
"47.49.228.234","elite","AS20115","US","Charter Communications","140","Spectrum","80","socks5","4913","1","2023-07-30T17:36:09.935Z","100","3064","3074"
"190.109.72.10","elite","AS264231","BR","RG.COM - INFORMATICA & COMUNICACAO LTDA - ME","197","RG.COM - INFORMATICA & COMUNICACAO LTDA - ME","33633","socks4","2515","1","2023-07-30T17:36:06.535Z","99","3091","3114"
"95.111.91.50","elite","AS35141","BG","A1 Bulgaria EAD","45","N/A","10801","socks4","4993","1","2023-07-30T17:36:06.537Z","100","3165","3167"
"158.140.173.212","elite","AS63859","ID","MYREPUBLIC","204","N/A","44550","socks4","1785","1","2023-07-30T17:36:06.536Z","98","3007","3076"
"45.249.101.4","elite","AS135411","BD","Red Grapes Pte Ltd","193","N/A","56457","socks4","5094","1","2023-07-30T17:36:06.540Z","100","3157","3169"
"195.231.72.145","elite","AS202242","IT","Aruba S.p.A.","23","Aruba S.p.A. - Cloud Services","1080","socks4","4716","1","2023-07-30T17:36:06.448Z","99","3102","3142"
"95.140.124.161","elite","AS9125","RS","Drustvo za telekomunikacije Orion telekom doo Beograd, Gandijeva 76a","100","Orion Telekom Network","1080","socks4","5000","1","2023-07-30T17:36:06.450Z","100","3122","3125"
"41.90.242.102","elite","AS33771","KE","Safaricom Limited","196","Safaricom Limited","5678","socks5","4801","1","2023-07-30T17:36:03.146Z","98","3067","3117"
"37.131.164.102","elite","AS35745","PL","KSU Provector Network","48","N/A","59341","socks4","4705","86","2023-07-30T17:36:03.145Z","100","3163","3164"
"72.167.55.195","elite","AS26496","US","GoDaddy.com, LLC","135","GoDaddy.com, LLC","28426","socks4","5197","1","2023-07-30T17:36:03.144Z","100","3062","3062"
"94.139.170.82","elite","AS206065","IR","Farabord Dadeh Haye Iranian Co.","191","FDI LTE Static","33848","socks4","2576","1","2023-07-30T17:36:03.147Z","99","3163","3183"
"223.19.7.186","elite","AS9304","HK","HGC Global Communications Limited","195","HGC Global Communications Limited","8118","socks4","4585","1","2023-07-30T17:35:59.749Z","86","2673","3118"
"186.251.255.185","elite","AS267513","BR","Seanet Telecom Carazinho Eireli","212","Seanet Telecom Carazinho Eireli","31337","socks4","4893","81","2023-07-30T17:35:59.839Z","99","3134","3155"
"188.133.153.60","elite","AS21353","RU","Enforta-MSK","86","N/A","8080","socks5","4810","1","2023-07-30T17:35:59.747Z","98","3060","3125"
"58.59.60.94","elite","AS4134","CN","Chinanet","186","Chinanet SD","10800","socks4","4902","1","2023-07-30T17:35:59.841Z","79","2432","3065"
"116.199.170.17","elite","AS45661","IN","Capture Network Systems Pvt Ltd","194","Capture Network Systems Pvt. Ltd.","4145","socks4","4501","1","2023-07-30T17:35:59.746Z","99","3129","3149"
"199.188.93.163","elite","AS64200","US","Vivid-hosting LLC","195","Vivid-hosting LLC","9000","socks5","4613","1","2023-07-30T17:35:59.833Z","100","3108","3111"
"119.186.73.105","elite","AS4837","CN","CNC Group CHINA169 Shandong Province Network","183","N/A","38801","socks5","4997","1","2023-07-30T17:35:59.843Z","49","1508","3058"
"206.189.212.114","elite","AS14061","US","DigitalOcean, LLC","200","Digital Ocean","7497","socks5","4189","1","2023-07-30T17:35:56.335Z","99","3038","3069"
"79.141.160.2","elite","AS202015","US","HZ Hosting Ltd","94","HZ Na21","48462","socks5","4705","1","2023-07-30T17:35:56.345Z","95","2914","3080"
"172.64.207.185","elite","AS13335","US","Cloudflare, Inc.","2","Cloudflare, Inc.","80","socks4","4210","1","2023-07-30T17:35:56.246Z","100","3044","3044"
"45.125.222.125","elite","AS63526","BD","Carnival Internet","174","N/A","47239","socks4","3514","1","2023-07-30T17:35:56.247Z","99","3143","3161"
"103.215.148.25","elite","AS135207","IN","Cloudnet Communications Pvt Ltd","188","Cloudnet Communications Pvt Ltd","43928","socks4","4803","1","2023-07-30T17:35:56.249Z","99","3140","3165"
"117.54.201.93","elite","AS9340","ID","PT IndoInternet","174","N/A","5678","socks4","1194","1","2023-07-30T17:35:56.333Z","99","3106","3144"
"194.87.59.99","elite","AS208685","NL","Serverius Holding B.V.","14","VictoryWillbeours","80","socks4","3697","1","2023-07-30T17:35:56.248Z","100","3064","3064"
"159.69.106.105","elite","AS24940","DE","Hetzner Online GmbH","15","Hetzner","16787","socks5","4997","1","2023-07-30T17:35:52.433Z","100","3068","3080"
"190.2.137.129","elite","AS49981","NL","WorldStream B.V.","97","WorldStream B.V","35229","socks5","4809","1","2023-07-30T17:35:52.440Z","89","2789","3140"
"46.209.22.250","elite","AS42337","IR","Respina","104","N/A","3629","socks4","4889","1","2023-07-30T17:35:52.436Z","99","3009","3050"
"200.8.185.126","elite","AS21826","VE","Corporación Telemic C.A.","181","Corporación Telemic C.A","4145","socks4","4900","1","2023-07-30T17:35:51.938Z","98","3100","3154"
"76.178.161.35","elite","AS10838","US","Charter Communications","189","Spectrum","39593","socks4","4903","1","2023-07-30T17:35:51.940Z","100","3134","3136"
"185.47.48.109","elite","AS48359","IR","Hesabgar Pardaz Gharb PJSC","188","Hesabgar T","1025","socks4","5089","1","2023-07-30T17:35:51.851Z","99","3049","3069"
"95.216.228.240","elite","AS24940","FI","Hetzner Online GmbH","81","HETZNER-DC","14807","socks5","799","1","2023-07-30T17:35:51.936Z","70","2118","3040"
"149.20.253.104","elite","AS18615","US","Mainstream Fiber Networks, LLC","101","Mainstream Fiber Networks, LLC","12551","socks4","4993","1","2023-07-30T17:35:48.647Z","100","3060","3067"
"148.251.232.232","elite","AS24940","DE","Hetzner Online GmbH","82","Hetzner","14165","socks5","4807","1","2023-07-30T17:35:48.642Z","100","3133","3135"
"46.227.37.61","elite","AS51155","PL","Telemedian - TB Telecom","96","Telemedian","1088","socks4","4791","1","2023-07-30T17:35:48.746Z","100","3152","3161"
"211.174.114.225","elite","AS4766","KR","Netropy","289","seoulfnf","4153","socks4","4485","1","2023-07-30T17:35:48.639Z","100","3116","3124"
"198.251.89.198","elite","AS53667","LU","FranTech Solutions","23","FranTech Solutions","51675","socks5","2081","1","2023-07-30T17:35:48.747Z","100","3042","3050"
"103.57.222.220","elite","AS135905","VN","INET","304","iNET Media Company Limited","37842","socks5","4405","1","2023-07-30T17:35:45.339Z","99","3042","3067"
"36.91.116.162","elite","AS7713","ID","PT Telekomunikasi Indonesia","195","Telekomunikasi Indonesia","5678","socks4","4089","1","2023-07-30T17:35:45.249Z","98","3078","3143"
"179.107.52.100","elite","AS263284","BR","Topmega Internet e Informática LTDA -ME","212","Topmega Internet e Informática LTDA -ME","4153","socks4","4214","1","2023-07-30T17:35:45.335Z","95","2950","3105"
"197.234.13.25","elite","AS36902","SC","Intelvision","188","Intelvision Ltd","4145","socks4","3714","1","2023-07-30T17:35:45.337Z","100","3147","3158"
"191.241.145.23","elite","AS262784","BR","SATURNO COMUNICAÇÕES LTDA","221","SATURNO COMUNICAÇÕES LTDA","4153","socks5","4894","1","2023-07-30T17:35:45.336Z","98","2967","3014"
"162.12.217.89","elite","AS204902","FR","Weelax","144","XIWO","3629","socks4","600","2","2023-07-30T17:35:45.251Z","99","3088","3135"
"94.79.54.7","elite","AS48614","RU","comcor.ru","46","N/A","51439","socks4","4405","1","2023-07-30T17:35:45.250Z","92","2914","3157"
"31.206.38.46","elite","AS15924","TR","Vodafone NET Iletisim Hizmetleri Anonim Sirketi","68","Vfnet Data Support","37630","socks4","5588","1","2023-07-30T17:35:42.040Z","100","3137","3148"
"190.145.120.182","elite","AS14080","CO","Telmex Colombia S.A.","184","Telmex Colombia S.A.","5678","socks4","4893","82","2023-07-30T17:35:42.139Z","98","3046","3120"
"103.10.99.110","elite","AS18103","ID","Neuviz","300","N/A","5678","socks4","3811","1","2023-07-30T17:35:42.038Z","96","3047","3160"
"45.114.118.231","elite","AS134451","ID","CLDREU","290","N/A","203","socks4","3405","1","2023-07-30T17:35:42.042Z","98","3013","3079"
"107.173.185.72","elite","AS36352","US","ColoCrossing","89","ColoCrossing","80","socks5","5008","1","2023-07-30T17:35:42.138Z","100","3118","3126"
"91.90.114.237","elite","AS49787","PL","STRONG-PC","34","STRONG-PC Tomasz Piekarski","1080","socks5","4095","1","2023-07-30T17:35:42.233Z","86","2705","3139"
"109.188.79.159","elite","AS25159","RU","MSK SCARTEL network - FixedIP","97","N/A","4145","socks5","4688","1","2023-07-30T17:35:42.135Z","99","3068","3109"
"34.120.118.219","elite","AS396982","US","Google LLC","2","Google Cloud","2061","socks5","1424","1","2023-07-30T17:35:42.137Z","100","3040","3040"
"121.226.212.32","elite","AS4134","CN","Chinanet","294","Chinanet JS","1080","socks4","4591","1","2023-07-30T17:35:38.948Z","56","1748","3129"
"118.68.218.212","elite","AS18403","VN","FPT Telecom Company","192","FPTDYNAMICIP","8080","socks4","3600","1","2023-07-30T17:35:38.949Z","99","3133","3156"
"103.214.54.90","elite","AS38517","ID","MAXMEDIA","197","N/A","8080","socks4","4695","1","2023-07-30T17:35:38.953Z","98","3090","3142"
"39.108.139.217","elite","AS37963","CN","Hangzhou Alibaba Advertising Co","284","Aliyun Computing Co., LTD","11188","socks5","2970","1","2023-07-30T17:35:38.951Z","78","2439","3143"
"14.225.254.160","elite","AS135905","VN","Vietnam Posts and Telecommunications Group","291","VNPT","5555","socks4","2998","1","2023-07-30T17:35:38.947Z","29","888","3083"
"37.99.224.225","elite","AS48500","IT","INC-LOW","89","N/A","7497","socks5","4191","1","2023-07-30T17:35:35.837Z","99","3092","3111"
"103.59.203.209","elite","AS134014","IN","NET 4 U SERVICES PVT LTD","130","NET 4 U Services PVT LTD","4145","socks4","5101","1","2023-07-30T17:35:35.737Z","99","3106","3129"
"58.48.122.170","elite","AS4134","CN","Chinanet","287","Chinanet HB","7302","socks5","5010","1","2023-07-30T17:35:35.741Z","80","2496","3124"
"103.229.85.54","elite","AS133443","BD","Ashfakur Rahman Chowdhury t/a Comilla Online","184","N/A","4145","socks4","4794","1","2023-07-30T17:35:35.742Z","99","3102","3144"
"5.161.109.187","elite","AS213230","US","Hetzner Online GmbH","95","HETZNER-DC","30153","socks4","4696","1","2023-07-30T17:35:35.744Z","47","1442","3067"
"139.59.61.51","elite","AS14061","IN","DigitalOcean","134","DigitalOcean, LLC","43394","socks4","3102","1","2023-07-30T17:35:35.743Z","73","2319","3161"
"110.78.152.199","elite","AS131090","TH","CAT-BB","191","N/A","5678","socks4","2575","1","2023-07-30T17:35:35.739Z","83","2542","3050"
"185.66.59.192","elite","AS200509","ES","Solucions Valencianes i Noves Tecnologies SL","28","Svint","42647","socks4","4611","1","2023-07-30T17:35:32.442Z","89","2789","3137"
"186.47.82.62","elite","AS28006","EC","Corporacion Nacional De Telecomunicaciones - CNT EP","188","Corporacion Nacional De Telecomunicaciones - CNT EP","53523","socks4","717","1","2023-07-30T17:35:32.533Z","98","3067","3121"
"80.191.169.81","elite","AS58224","IR","Information Technology Company","198","Azad University of Anar","4145","socks4","4794","1","2023-07-30T17:35:32.446Z","90","2863","3174"
"41.79.149.161","elite","AS37403","ZA","Info-Gro (PTY) Ltd","200","Info-Gro (PTY) Ltd","5678","socks4","5007","1","2023-07-30T17:35:32.449Z","99","3124","3145"
"202.44.228.79","elite","AS4618","TH","Internet Thailand Company Ltd.","197","Internet Thailand Company Limited","4153","socks4","4795","1","2023-07-30T17:35:32.448Z","21","647","3133"
"202.165.47.65","elite","AS17538","ID","Circlecom","197","N/A","5678","socks4","702","1","2023-07-30T17:35:32.447Z","99","3111","3133"
"178.212.49.96","elite","AS197025","PL","Lubuskie Sieci Swiatlowodowe Sp. z o. o.","101","Lubuskie Sieci Swiatlowodowe Sp. z o. o","1080","socks4","2002","1","2023-07-30T17:35:32.547Z","99","2994","3033"
"190.15.252.205","elite","AS27881","AR","Ipnext S.A.","234","Feroglio Julia Elena","3629","socks4","4808","1","2023-07-30T17:35:32.444Z","94","2968","3153"
"110.78.149.161","elite","AS131090","TH","CAT-BB","177","N/A","5678","socks4","4801","1","2023-07-30T17:35:32.445Z","64","2023","3154"
"195.14.22.173","elite","AS41653","FR","Aqua Ray SAS","2","Aqua Ray","80","socks4","5094","1","2023-07-30T17:35:32.545Z","100","3046","3047"
"121.225.16.146","elite","AS4134","CN","Chinanet","192","Chinanet JS","23456","socks5","4809","1","2023-07-30T17:35:29.247Z","63","1945","3080"
"177.93.78.9","elite","AS263163","BR","JR LINK PROVEDOR DE INTERNET VIA RARIO LTDA","296","JR LINK PROVEDOR DE INTERNET VIA RARIO LTDA","26316","socks5","5201","1","2023-07-30T17:35:29.242Z","97","3042","3142"
"47.242.232.206","elite","AS45102","HK","Alibaba.com LLC","248","Hong Kong","39426","socks5","2130","1","2023-07-30T17:35:29.248Z","97","3067","3157"
"45.7.177.255","elite","AS266626","BR","Litoral Telecom","205","Litoral Telecom","39867","socks4","5094","2","2023-07-30T17:35:29.246Z","95","2931","3093"
"95.217.222.213","elite","AS24940","FI","Hetzner Online GmbH","37","HETZNER-DC","6969","socks4","2502","1","2023-07-30T17:35:29.346Z","92","2898","3147"
"177.125.165.170","elite","AS262346","BR","FP Telecomunicacoes Ltda","290","FP Telecomunicacoes Ltda","4145","socks4","4990","1","2023-07-30T17:35:25.950Z","70","2203","3146"
"203.114.65.85","elite","AS7611","PH","W Network Inc.","199","W NETWORK Inc","1337","socks4","4897","1","2023-07-30T17:35:26.033Z","99","3052","3094"
"103.229.85.209","elite","AS133443","BD","Ashfakur Rahman Chowdhury","188","N/A","4145","socks4","3599","82","2023-07-30T17:35:22.740Z","99","3101","3140"
"89.237.35.129","elite","AS20485","RU","multi-origin SUTTK","82","N/A","51549","socks4","4294","1","2023-07-30T17:35:22.651Z","99","3047","3065"
"154.113.160.1","elite","AS37282","NG","Mainone Cable Company","186","Mainone Cable Company","5678","socks4","4498","1","2023-07-30T17:35:22.739Z","100","3046","3057"
"181.188.188.131","elite","AS27882","BO","Telefónica Celular de Bolivia S.A.","290","Telefónica Celular de Bolivia S.A","5678","socks4","5001","1","2023-07-30T17:35:22.743Z","97","3051","3156"
"124.120.106.86","elite","AS17552","TH","TRUEBB","183","N/A","5678","socks4","4804","1","2023-07-30T17:35:19.435Z","76","2348","3091"
"189.201.189.2","elite","AS28438","MX","ATC HOLDING FIBRA MEXICO, S. DE R.L. DE C.V.","187","ATC HOLDING FIBRA MEXICO, S. DE R.L. DE C.V","4145","socks4","3609","1","2023-07-30T17:35:19.350Z","99","3047","3079"
"188.92.242.106","elite","AS25227","RU","JSC Avantel","100","Avantel, Close Joint Stock Company","8088","socks5","5004","1","2023-07-30T17:35:19.533Z","99","3122","3164"
"50.47.75.221","elite","AS20055","US","Wholesail networks LLC","197","Ziply Fiber","5678","socks4","4900","1","2023-07-30T17:35:19.347Z","97","3056","3143"
"38.242.46.234","elite","AS174","US","Cogent Communications","93","Code 200, UAB","3128","socks5","4498","1","2023-07-30T17:35:19.343Z","97","2999","3103"
"143.255.249.74","elite","AS61468","EC","CEDIA","192","Universidad Tecnologica Israel","7497","socks5","3907","1","2023-07-30T17:35:19.344Z","96","2970","3096"
"168.119.209.189","elite","AS24940","DE","Hetzner Online GmbH","84","Hetzner","60006","socks5","3692","1","2023-07-30T17:35:19.450Z","100","3113","3113"
"165.22.52.130","elite","AS14061","SG","DigitalOcean, LLC","194","DigitalOcean, LLC","8000","socks4","5104","1","2023-07-30T17:35:19.436Z","81","2511","3109"
"152.32.78.24","elite","AS17639","PH","ComClark Network & Technology Corp","198","Convergeict","4145","socks4","2899","1","2023-07-30T17:35:19.436Z","99","3141","3160"
"151.80.33.46","elite","AS16276","FR","OVH SAS","6","OVH SAS","7497","socks5","4800","1","2023-07-30T17:35:19.535Z","100","3056","3056"
"125.229.3.41","elite","AS3462","TW","Chunghwa Telecom Co., Ltd.","290","Chunghwa Telecom Co. Ltd.","80","socks5","5091","1","2023-07-30T17:35:19.345Z","98","2952","3022"
"142.166.131.50","elite","AS855","CA","Bell Canada","178","Bell Canada","5678","socks4","4884","1","2023-07-30T17:35:19.341Z","68","2058","3011"
"103.136.127.140","elite","AS48024","SG","Nerocloud LTD","182","Internet Keeper Global (Singapore) Pte Ltd","40000","socks5","4896","1","2023-07-30T17:35:15.042Z","77","2407","3136"
"103.47.93.210","elite","AS134058","IN","Broban Internet Services Pvt.ltd","197","Broban  PVT Ltd.","1080","socks4","5086","1","2023-07-30T17:35:15.044Z","99","3113","3139"